BOARDID,TRADEDATE,SHORTNAME,SECID,NUMTRADES,VALUE,OPEN,LOW,HIGH,LEGALCLOSEPRICE,WAPRICE,CLOSE,VOLUME,MARKETPRICE2,MARKETPRICE3,ADMITTEDQUOTE,MP2VALTRD,MARKETPRICE3TRADESVALUE,ADMITTEDVALUE,WAVAL,TRADINGSESSION
TQBR,2022-10-05,АбрауДюрсо,ABRD,902.0,10662760.0,170.5,162.5,176.5,169.5,169.5,169.5,62830.0,169.5,169.5,169.5,10662760.0,10662760.0,10662760.0,0.0,3
SMAL,2022-10-05,Система ао,AFKS,6.0,153.7,10.764,10.704,11.825,,10.626,10.704,14.0,,,,0.0,0.0,0.0,0.0,3
TQBR,2022-10-05,Система ао,AFKS,22194.0,398151160.5,11.0,10.335,11.001,10.691,10.626,10.749,37469400.0,10.622,10.622,10.691,378026881.6,378026881.6,378026881.6,0.0,3
SMAL,2022-10-05,Аэрофлот,AFLT,4.0,114.72,23.12,22.24,23.12,,23.12,22.24,5.0,,,,0.0,0.0,0.0,0.0,3
TQBR,2022-10-05,Аэрофлот,AFLT,14300.0,165770700.8,23.44,22.5,23.78,23.4,23.12,23.6,7167190.0,23.08,23.08,23.4,146814981.0,146814981.0,146814981.0,0.0,3
TQBR,2022-10-05,AGRO-гдр,AGRO,4518.0,48874775.4,760.0,740.0,776.8,747.4,751.8,747.4,65006.0,751.8,751.8,747.4,48874775.4,48874775.4,48874775.4,0.0,3
TQTF,2022-10-05,AKGD ETF,AKGD,489.0,23322445.38,78.53,76.95,78.98,77.98,78.85,78.0,295762.0,78.86,78.86,77.98,23322445.38,23322445.38,23322445.38,27059056.94,3
TQTF,2022-10-05,ETF AKMB,AKMB,6793.0,10204954.85,1.1676,1.1551,1.1793,1.1679,1.1695,1.169,8714356.0,1.1711,1.1711,1.1679,10204954.85,10204954.85,10204954.85,7753077.02,3
TQTF,2022-10-05,ETF AKME,AKME,228.0,6144696.58,75.6,73.9,78.9,75.76,75.22,75.98,81718.0,75.2,75.2,75.76,6144696.58,6144696.58,6144696.58,3267140.72,3
TQTF,2022-10-05,AKMM ETF,AKMM,64.0,16686663.12,101.99,101.66,102.3,101.69,101.69,101.69,164098.0,101.69,101.69,101.69,16686663.12,16686663.12,16686663.12,15813803.82,3
TQTD,2022-10-05,AKQU ETF,AKQU,1.0,84.37,84.37,84.37,84.37,84.37,84.37,84.37,1.0,4674.53,4706.04,84.37,6712631.96,4155433.81,6712631.96,19546.54,3
TQBR,2022-10-05,Акрон,AKRN,635.0,20349160.0,14530.0,14028.0,14644.0,14286.0,14270.0,14286.0,1426.0,14270.0,14270.0,14286.0,20349160.0,20349160.0,20349160.0,0.0,3
TQTF,2022-10-05,ETF AKSC,AKSC,39.0,309878.96,35.6,33.94,35.6,35.02,35.58,35.02,8710.0,,35.16,35.02,0.0,565134.36,0.0,43245.85,3
TQTF,2022-10-05,AKVG ETF,AKVG,26.0,6706.24,34.78,34.22,35.2,34.82,35.14,34.88,193.0,,32.46,34.82,0.0,809472.4,0.0,209080.41,3
SMAL,2022-10-05,АЛРОСА ао,ALRS,23.0,2012.65,64.0,60.05,68.0,,67.1,68.0,31.0,,,,0.0,0.0,0.0,0.0,3
TQBR,2022-10-05,АЛРОСА ао,ALRS,111205.0,2557282775.9,64.64,61.65,69.9,68.36,67.1,69.1,38110800.0,66.7,66.7,68.36,2131922195.7,2131922195.7,2131922195.7,0.0,3
TQBR,2022-10-05,АшинскийМЗ,AMEZ,710.0,8027164.5,25.005,24.505,25.575,24.68,24.9,24.745,322400.0,24.9,24.9,24.68,8027164.5,8027164.5,8027164.5,0.0,3
TQTF,2022-10-05,AMRE ETF,AMRE,92.0,64892.0,65.5,62.9,65.6,65.5,64.8,65.5,1002.0,,63.6,65.5,0.0,536521.2,0.0,632980.7,3
TQTF,2022-10-05,AMRH ETF,AMRH,7.0,6250.04,100.92,100.72,100.92,100.72,100.8,100.72,62.0,,96.46,100.72,0.0,534309.58,0.0,465445.54,3
TQBR,2022-10-05,Аптеки36и6,APTK,1113.0,2209934.0,11.4,11.31,11.564,11.498,11.442,11.498,193130.0,11.442,11.442,11.498,2209934.0,2209934.0,2209934.0,0.0,3
TQBR,2022-10-05,ИНАРКТИКА,AQUA,2479.0,23383108.5,551.5,523.5,564.5,545.5,539.0,545.5,43363.0,539.0,539.0,545.5,23383108.5,23383108.5,23383108.5,0.0,3
TQBR,2022-10-05,Арсагера,ARSA,73.0,85078.0,5.09,4.9,5.33,5.08,5.09,5.08,16700.0,,5.11,5.08,0.0,500718.0,0.0,0.0,3
TQBR,2022-10-05,АстрЭнСб,ASSB,32.0,29070.0,0.709,0.677,0.7095,0.6815,0.692,0.6815,42000.0,,0.678,0.6815,0.0,500245.0,0.0,0.0,3
TQBR,2022-10-05,Авангрд-ао,AVAN,6.0,10015.0,775.0,770.0,775.0,770.0,770.0,770.0,13.0,,740.0,770.0,0.0,508235.0,0.0,0.0,3
TQBR,2022-10-05,Башнефт ао,BANE,1106.0,8689305.0,825.0,793.0,834.0,823.0,818.0,823.0,10621.0,818.0,818.0,823.0,8689305.0,8689305.0,8689305.0,0.0,3
TQBR,2022-10-05,Башнефт ап,BANEP,1935.0,23231322.5,581.5,555.0,585.5,577.5,573.0,577.5,40526.0,573.0,573.0,577.5,23231322.5,23231322.5,23231322.5,0.0,3
TQTF,2022-10-05,BCSB ETF,BCSB,113.0,90411.37,10.03,10.03,10.296,10.13,10.148,10.2,8909.0,,10.13,10.13,0.0,500804.19,0.0,349474.09,3
TQBR,2022-10-05,Белуга ао,BELU,7259.0,152663665.0,2740.0,2561.0,2799.0,2674.0,2700.0,2674.0,56542.0,2700.0,2700.0,2674.0,152663665.0,152663665.0,152663665.0,0.0,3
TQBR,2022-10-05,БашИнСв ап,BISVP,15.0,23611.0,7.01,6.83,7.01,6.98,6.94,6.98,3400.0,,6.92,6.98,0.0,500796.0,0.0,0.0,3
TQBR,2022-10-05,Белон ао,BLNG,236.0,842744.5,8.835,8.02,8.835,8.37,8.375,8.37,100600.0,8.375,8.375,8.37,842744.5,842744.5,842744.5,0.0,3
TQTF,2022-10-05,BOND ETF,BOND,25.0,133470.2,1009.0,996.0,1009.8,1009.4,1003.6,1003.8,133.0,,992.8,1009.4,0.0,501396.0,0.0,2824211.97,3
TQBR,2022-10-05,БурЗолото,BRZL,131.0,299035.0,738.0,692.0,748.0,711.0,710.0,711.0,421.0,,717.0,711.0,0.0,507730.0,0.0,0.0,3
TQBR,2022-10-05,БСП ао,BSPB,1599.0,13086253.4,80.3,76.31,80.43,78.28,78.23,78.28,167280.0,78.23,78.23,78.28,13086253.4,13086253.4,13086253.4,0.0,3
TQBR,2022-10-05,БСП ап,BSPBP,11.0,23020.0,13.8,13.35,13.8,13.35,13.55,13.35,1700.0,,13.15,13.35,0.0,520020.0,0.0,0.0,3
TQBR,2022-10-05,МКБ ао,CBOM,11080.0,562911125.7,6.07,5.812,6.09,6.032,5.945,6.015,94681300.0,5.944,5.944,6.032,551671038.4,551671038.4,551671038.4,0.0,3
TQBR,2022-10-05,РН-ЗапСиб,CHGZ,217.0,445496.0,33.8,32.0,35.6,33.6,33.4,33.6,13310.0,,33.6,33.6,0.0,515746.0,0.0,0.0,3
TQBR,2022-10-05,ЧКПЗ ао,CHKZ,8.0,81820.0,5720.0,5720.0,5960.0,5900.0,5840.0,5900.0,14.0,,5540.0,5900.0,0.0,510300.0,0.0,0.0,3
TQBR,2022-10-05,СевСт-ао,CHMF,27717.0,491184023.4,607.0,575.0,608.8,598.4,592.2,595.0,829316.0,592.0,592.0,598.4,464356573.6,464356573.6,464356573.6,0.0,3
TQBR,2022-10-05,ЧМК ао,CHMK,73.0,335055.0,3050.0,3020.0,3185.0,3150.0,3075.0,3150.0,109.0,,3095.0,3150.0,0.0,517230.0,0.0,0.0,3
TQBR,2022-10-05,CIAN-адр,CIAN,7023.0,57129582.2,395.0,365.0,410.0,384.8,385.0,386.6,148350.0,385.0,385.0,384.8,53651405.4,53651405.4,53651405.4,0.0,3
TQBR,2022-10-05,Телеграф,CNTL,49.0,91268.0,9.08,8.9,9.24,9.18,9.04,9.18,10100.0,,9.04,9.18,0.0,501754.0,0.0,0.0,3
TQBR,2022-10-05,Телеграф-п,CNTLP,337.0,863532.0,5.98,5.78,6.16,5.9,5.9,5.9,146200.0,5.9,5.9,5.9,863532.0,863532.0,863532.0,0.0,3
TQPI,2022-10-05,ДагСб ао,DASB,1103.0,3451298.8,0.1282,0.117,0.1282,0.1216,0.1222,0.1216,28250000.0,0.1222,0.1222,0.1216,3451298.8,3451298.8,3451298.8,0.0,3
TQBR,2022-10-05,ЗаводДИОД,DIOD,341.0,922749.0,6.9,6.88,7.63,7.0,7.2,7.0,128200.0,7.2,7.2,7.0,922749.0,922749.0,922749.0,0.0,3
TQTF,2022-10-05,ETF DIVD,DIVD,159.0,639184.8,674.0,651.6,681.4,679.0,664.4,678.6,962.0,663.8,663.8,679.0,586199.4,586199.4,586199.4,1055239.67,3
TQBR,2022-10-05,ДетскийМир,DSKY,9576.0,100896724.0,70.0,66.18,71.78,71.54,69.2,71.26,1458170.0,68.94,68.94,71.54,86903154.4,86903154.4,86903154.4,0.0,3
TQBR,2022-10-05,ДЭК ао,DVEC,213.0,966939.0,0.79,0.77,0.825,0.815,0.804,0.815,1202000.0,0.804,0.804,0.815,966939.0,966939.0,966939.0,0.0,3
TQBR,2022-10-05,ДонскЗР,DZRD,5.0,8130.0,1650.0,1605.0,1650.0,1625.0,1625.0,1625.0,5.0,,1660.0,1625.0,0.0,500650.0,0.0,0.0,3
TQBR,2022-10-05,ДонскЗР п,DZRDP,8.0,14930.0,1500.0,1490.0,1500.0,1500.0,1490.0,1500.0,10.0,,1500.0,1500.0,0.0,501550.0,0.0,0.0,3
TQBR,2022-10-05,ЕвроЭлтех,EELT,397.0,341361.8,5.36,5.02,5.48,5.24,5.18,5.24,65910.0,,5.24,5.24,0.0,574059.4,0.0,0.0,3
TQBR,2022-10-05,Электрцинк,ELTZ,1319.0,7048502.0,267.0,261.0,290.0,277.0,276.0,277.0,25538.0,276.0,276.0,277.0,7048502.0,7048502.0,7048502.0,0.0,3
TQBR,2022-10-05,ЭН+ГРУП ао,ENPG,6963.0,101791076.0,374.0,345.0,378.0,361.0,359.0,364.0,283348.0,359.0,359.0,361.0,94311304.0,94311304.0,94311304.0,0.0,3
SMAL,2022-10-05,ЭнелРос ао,ENRU,21.0,96.56,0.4032,0.402,0.408,,0.4066,0.4052,238.0,,,,0.0,0.0,0.0,0.0,3
TQBR,2022-10-05,ЭнелРос ао,ENRU,2399.0,14807097.6,0.41,0.3952,0.4228,0.41,0.4066,0.41,36408000.0,0.4066,0.4066,0.41,14807097.6,14807097.6,14807097.6,0.0,3
TQTF,2022-10-05,EQMX ETF,EQMX,2828.0,39798890.95,80.1,78.2,81.5,80.5,80.1,80.5,496760.0,80.1,80.1,80.5,34999053.65,34999053.65,34999053.65,31849330.38,3
TQTF,2022-10-05,ESGE ETF,ESGE,153.0,201700.99,57.82,55.4,57.82,56.89,56.36,56.89,3579.0,,56.93,56.89,0.0,501404.85,0.0,582654.93,3
TQTF,2022-10-05,ESGR ETF,ESGR,6.0,41252.5,814.5,796.5,814.5,811.5,809.0,811.5,51.0,,795.0,811.5,0.0,501575.0,0.0,93995.19,3
TQBR,2022-10-05,ETLN-гдр,ETLN,4281.0,17639310.08,45.58,43.6,46.72,46.3,44.94,46.3,392434.0,44.94,44.94,46.3,17639310.08,17639310.08,17639310.08,0.0,3
SMAL,2022-10-05,Россети,FEES,7.0,168.1,0.08,0.079,0.08468,,0.0801,0.08468,2101.0,,,,0.0,0.0,0.0,0.0,3
TQBR,2022-10-05,Россети,FEES,3816.0,48047057.4,0.08188,0.07834,0.08188,0.08164,0.0801,0.08058,599820000.0,0.08,0.08,0.08164,41611863.4,41611863.4,41611863.4,0.0,3
TQBR,2022-10-05,ДВМП ао,FESH,5173.0,119607916.0,34.2,31.02,34.5,33.65,33.4,33.65,3580900.0,33.4,33.4,33.65,119607916.0,119607916.0,119607916.0,0.0,3
TQBR,2022-10-05,FIVE-гдр,FIVE,22275.0,598814306.0,1345.0,1290.5,1408.5,1390.5,1357.5,1387.0,441842.0,1354.0,1354.0,1390.5,579725103.5,579725103.5,579725103.5,0.0,3
TQBR,2022-10-05,FIXP-гдр,FIXP,7454.0,39060333.1,303.0,277.0,305.9,299.1,292.5,303.5,133549.0,291.3,291.3,299.1,35112049.9,35112049.9,35112049.9,0.0,3
SMAL,2022-10-05,Совкомфлот,FLOT,1.0,34.6,34.6,34.6,34.6,,32.45,34.6,1.0,,,,0.0,0.0,0.0,0.0,3
TQBR,2022-10-05,Совкомфлот,FLOT,4493.0,36626300.3,33.7,31.75,34.02,32.35,32.45,32.35,1128820.0,32.45,32.45,32.35,36626300.3,36626300.3,36626300.3,0.0,3
TQTF,2022-10-05,FMRU ETF,FMRU,33.0,23054.8,5.872,5.668,5.872,5.862,5.768,5.862,3997.0,,5.702,5.862,0.0,506046.55,0.0,44333.63,3
TQTF,2022-10-05,FMUS ETF,FMUS,19.0,35561.36,8.5,8.35,8.5,8.392,8.38,8.35,4244.0,,7.87,8.392,0.0,569308.57,0.0,47329.75,3
TQBR,2022-10-05,ГАЗ ао,GAZA,65.0,390575.0,326.5,312.5,335.0,320.5,323.0,320.5,1210.0,,321.0,320.5,0.0,500675.0,0.0,0.0,3
TQBR,2022-10-05,ГАЗ ап,GAZAP,18.0,66945.0,206.0,200.0,206.5,204.0,203.0,202.5,330.0,,200.5,204.0,0.0,503435.0,0.0,0.0,3
SMAL,2022-10-05,ГАЗПРОМ ао,GAZP,119.0,44558.95,211.0,203.5,211.0,,207.14,211.0,215.0,,,,0.0,0.0,0.0,0.0,3
TQBR,2022-10-05,ГАЗПРОМ ао,GAZP,176797.0,11025582132.0,211.5,202.85,211.5,208.5,207.14,209.05,53221220.0,206.83,206.83,208.5,9804377415.2,9804377415.2,9804377415.2,0.0,3
TQBR,2022-10-05,ЧеркизГ-ао,GCHE,1273.0,11950693.5,2456.5,2320.0,2465.0,2402.5,2394.0,2402.5,4992.0,2394.0,2394.0,2402.5,11950693.5,11950693.5,11950693.5,0.0,3
TQBR,2022-10-05,iММЦБ ао,GEMA,163.0,713492.0,788.0,772.5,788.0,782.0,779.0,782.0,916.0,779.0,779.0,782.0,713492.0,713492.0,713492.0,0.0,3
TQBR,2022-10-05,GEMC-гдр,GEMC,789.0,2482165.3,346.0,325.0,350.0,337.4,334.3,337.5,7426.0,334.3,334.3,337.4,2482165.3,2482165.3,2482165.3,0.0,3
TQBR,2022-10-05,GLTR-гдр,GLTR,6009.0,38191661.6,300.65,287.55,309.8,295.35,295.2,299.0,129378.0,295.0,295.0,295.35,36255842.2,36255842.2,36255842.2,0.0,3
TQBR,2022-10-05,ГМКНорНик,GMKN,35334.0,1877134744.0,12932.0,12318.0,12932.0,12542.0,12528.0,12516.0,149842.0,12526.0,12526.0,12542.0,1766421552.0,1766421552.0,1766421552.0,0.0,3
TQTF,2022-10-05,GOLD ETF,GOLD,6349.0,21254745.4,0.85,0.838,0.8639,0.8553,0.8505,0.8611,24989642.0,0.8494,0.8494,0.8553,19221344.85,19221344.85,19221344.85,40995625.79,3
TQTF,2022-10-05,GPBR ETF,GPBR,89.0,27623.41,10.84,10.63,10.87,10.85,10.83,10.85,2550.0,,10.7,10.85,0.0,500698.54,0.0,109774.6,3
TQPI,2022-10-05,ГИТ ао,GRNT,850.0,2990357.9,0.171,0.1675,0.175,0.1695,0.17,0.1695,17597100.0,0.17,0.17,0.1695,2990357.9,2990357.9,2990357.9,0.0,3
TQTF,2022-10-05,ETF GROD,GROD,22.0,140004.0,512.8,506.8,527.2,515.4,516.6,526.4,271.0,,514.2,515.4,0.0,503974.8,0.0,358136.58,3
TQBR,2022-10-05,ГТМ ао,GTRK,1545.0,6102909.5,26.3,24.35,27.25,25.9,25.9,25.9,235420.0,25.9,25.9,25.9,6102909.5,6102909.5,6102909.5,0.0,3
TQBR,2022-10-05,iHHRU-адр,HHRU,378.0,4088220.0,1168.0,1101.0,1174.0,1146.0,1138.0,1152.0,3591.0,1138.0,1138.0,1146.0,3961935.0,3961935.0,3961935.0,0.0,3
TQBR,2022-10-05,Химпром ап,HIMCP,78.0,107483.0,7.27,7.03,7.32,7.19,7.12,7.19,15100.0,,7.07,7.19,0.0,508883.0,0.0,0.0,3
TQBR,2022-10-05,HMSG-гдр,HMSG,34.0,67025.0,71.0,64.0,71.0,66.0,65.5,66.0,1020.0,,64.5,66.0,0.0,500090.0,0.0,0.0,3
SMAL,2022-10-05,РусГидро,HYDR,5.0,244.26,0.6549,0.6549,0.6946,,0.6598,0.6946,372.0,,,,0.0,0.0,0.0,0.0,3
TQBR,2022-10-05,РусГидро,HYDR,10897.0,165905491.8,0.669,0.648,0.6737,0.6575,0.6598,0.6613,251466000.0,0.6597,0.6597,0.6575,154897979.4,154897979.4,154897979.4,0.0,3
TQBR,2022-10-05,Ижсталь2ао,IGST,20.0,120074.0,2500.0,2500.0,2516.0,2516.0,2502.0,2516.0,48.0,,2504.0,2516.0,0.0,505992.0,0.0,0.0,3
TQBR,2022-10-05,Ижсталь ап,IGSTP,13.0,38782.0,2132.0,2132.0,2208.0,2138.0,2154.0,2138.0,18.0,,2156.0,2138.0,0.0,500220.0,0.0,0.0,3
TQTF,2022-10-05,INFL ETF,INFL,148.0,269210.76,116.36,115.42,116.36,115.56,115.94,116.23,2322.0,,115.73,115.56,0.0,530399.29,0.0,716979.18,3
TQTF,2022-10-05,INGO ETF,INGO,158.0,342919.95,106.9,106.86,107.83,107.32,107.6,107.8,3187.0,,107.53,107.32,0.0,513370.99,0.0,1094825.51,3
TQBR,2022-10-05,ИНГРАД ао,INGR,775.0,39485291.0,1425.0,1374.0,1429.0,1414.0,1398.0,1414.0,28254.0,1398.0,1398.0,1414.0,39485291.0,39485291.0,39485291.0,0.0,3
TQTF,2022-10-05,INRU ETF,INRU,6.0,864.9,84.03,84.03,87.25,87.25,86.49,87.25,10.0,,81.74,87.25,0.0,728131.46,0.0,123949.59,3
SMAL,2022-10-05,ИнтерРАОао,IRAO,29.0,861.93,2.705,2.705,2.829,,2.7125,2.725,310.0,,,,0.0,0.0,0.0,0.0,3
TQBR,2022-10-05,ИнтерРАОао,IRAO,20315.0,410280389.65,2.759,2.6365,2.759,2.723,2.7125,2.718,151256400.0,2.712,2.712,2.723,396955428.85,396955428.85,396955428.85,0.0,3
TQBR,2022-10-05,ИРКУТ-3,IRKT,1135.0,14969916.0,33.84,32.02,34.14,32.5,32.62,32.5,458800.0,32.62,32.62,32.5,14969916.0,14969916.0,14969916.0,0.0,3
TQBR,2022-10-05,iИСКЧ ао,ISKJ,2222.0,14066909.8,54.36,50.0,54.38,52.04,51.96,52.04,270730.0,51.96,51.96,52.04,14066909.8,14066909.8,14066909.8,0.0,3
TQBR,2022-10-05,Славн-ЯНОС,JNOS,26.0,146910.0,13.0,12.4,13.1,12.45,12.65,12.45,11600.0,,12.3,12.45,0.0,873635.0,0.0,0.0,3
TQBR,2022-10-05,Слав-ЯНОСп,JNOSP,36.0,217206.0,8.94,8.68,8.96,8.7,8.72,8.7,24900.0,,8.92,8.7,0.0,645536.0,0.0,0.0,3
TQBR,2022-10-05,Куйбазот,KAZT,376.0,9242470.0,398.8,390.0,398.8,396.8,394.8,397.0,23410.0,394.8,394.8,396.8,9242470.0,9242470.0,9242470.0,0.0,3
TQBR,2022-10-05,Куйбазот-п,KAZTP,124.0,958644.0,399.8,396.6,405.0,401.2,399.4,401.2,2400.0,399.4,399.4,401.2,958644.0,958644.0,958644.0,0.0,3
TQBR,2022-10-05,ТНСэКубань,KBSB,8.0,14995.0,138.0,135.5,138.0,138.0,136.5,138.0,110.0,,137.0,138.0,0.0,507685.0,0.0,0.0,3
TQBR,2022-10-05,КамчатЭ ао,KCHE,10.0,38915.0,0.14,0.136,0.145,0.1375,0.139,0.137,280000.0,,0.139,0.1375,0.0,503800.0,0.0,0.0,3
TQBR,2022-10-05,КамчатЭ ап,KCHEP,8.0,41630.0,0.279,0.272,0.284,0.279,0.278,0.279,150000.0,0.278,0.278,0.279,539000.0,508150.0,539000.0,0.0,3
TQBR,2022-10-05,КурганГКао,KGKC,19.0,15912.0,34.6,33.4,34.6,33.8,33.8,33.6,470.0,,36.4,33.8,0.0,500696.0,0.0,0.0,3
TQBR,2022-10-05,КурганГКап,KGKCP,13.0,6376.0,32.0,31.4,32.0,32.0,31.8,32.0,200.0,,32.4,32.0,0.0,509974.0,0.0,0.0,3
TQBR,2022-10-05,КалужскСК,KLSB,375.0,2093301.0,8.31,8.07,8.98,8.23,8.42,8.18,248700.0,8.42,8.42,8.23,2093301.0,2093301.0,2093301.0,0.0,3
TQBR,2022-10-05,КАМАЗ,KMAZ,1310.0,8143399.0,79.0,77.0,79.5,78.6,78.3,78.6,104020.0,78.3,78.3,78.6,8143399.0,8143399.0,8143399.0,0.0,3
TQBR,2022-10-05,КМЗ,KMEZ,46.0,115249.0,854.0,820.0,857.0,829.0,829.0,829.0,139.0,,837.0,829.0,0.0,501182.0,0.0,0.0,3
TQBR,2022-10-05,КосогМЗ ао,KMTZ,74.0,300695.3,202.79,181.91,207.0,190.6,191.53,192.49,1570.0,,192.29,190.6,0.0,517259.8,0.0,0.0,3
TQBR,2022-10-05,КоршГОК ао,KOGK,6.0,187600.0,31600.0,30800.0,31600.0,31400.0,31200.0,31400.0,6.0,,31800.0,31400.0,0.0,508200.0,0.0,0.0,3
TQBR,2022-10-05,СаратНПЗ-п,KRKNP,122.0,18352900.0,9680.0,9440.0,9800.0,9600.0,9460.0,9580.0,1940.0,9460.0,9460.0,9600.0,18352900.0,18352900.0,18352900.0,0.0,3
TQBR,2022-10-05,ТКЗКК ап,KRKOP,11.0,33959.0,8.34,8.25,8.35,8.25,8.28,8.25,4100.0,,8.26,8.25,0.0,502090.0,0.0,0.0,3
TQBR,2022-10-05,КрасОкт-ао,KROT,51.0,322700.0,308.5,297.5,308.5,298.5,301.5,297.5,1070.0,,303.5,298.5,0.0,500945.0,0.0,0.0,3
TQBR,2022-10-05,КрасОкт-1п,KROTP,13.0,32355.0,254.5,240.5,254.5,250.5,249.0,250.5,130.0,,241.5,250.5,0.0,507440.0,0.0,0.0,3
TQBR,2022-10-05,Красэсб ао,KRSB,73.0,393598.0,7.09,7.01,7.5,7.07,7.26,7.09,54200.0,,7.23,7.07,0.0,501936.0,0.0,0.0,3
TQBR,2022-10-05,Красэсб ап,KRSBP,17.0,41078.0,7.98,7.6,7.98,7.76,7.76,7.76,5300.0,,7.8,7.76,0.0,502614.0,0.0,0.0,3
TQBR,2022-10-05,КСБ ао,KTSB,20.0,20812.0,0.436,0.428,0.44,0.436,0.434,0.434,48000.0,,0.434,0.436,0.0,500414.0,0.0,0.0,3
TQBR,2022-10-05,КСБ ап,KTSBP,15.0,62990.0,0.2235,0.2185,0.2395,0.219,0.225,0.219,280000.0,,0.225,0.219,0.0,519975.0,0.0,0.0,3
TQBR,2022-10-05,РСетКубань,KUBE,11.0,36313.0,51.9,50.7,52.0,51.7,51.1,51.7,710.0,,49.9,51.7,0.0,511581.0,0.0,0.0,3
TQBR,2022-10-05,КузнецкийБ,KUZB,144.0,104283.2,0.0151,0.0147,0.01571,0.01547,0.01522,0.01547,6850000.0,,0.01506,0.01547,0.0,509888.6,0.0,0.0,3
TQBR,2022-10-05,ОргСинт ао,KZOS,671.0,4537205.0,75.5,72.2,75.5,74.2,73.8,74.2,61480.0,73.8,73.8,74.2,4537205.0,4537205.0,4537205.0,0.0,3
TQBR,2022-10-05,ОргСинт ап,KZOSP,929.0,5189578.0,17.25,16.5,17.48,17.19,17.03,17.19,304820.0,17.03,17.03,17.19,5189578.0,5189578.0,5189578.0,0.0,3
TQBR,2022-10-05,Лента ао,LENT,3368.0,23968357.5,697.0,651.0,730.0,677.0,677.5,677.0,35374.0,677.5,677.5,677.0,23968357.5,23968357.5,23968357.5,0.0,3
TQBR,2022-10-05,iФармсинтз,LIFE,1001.0,6553218.5,3.705,3.515,3.76,3.755,3.63,3.755,1806100.0,3.63,3.63,3.755,6553218.5,6553218.5,6553218.5,0.0,3
TQBR,2022-10-05,ЛУКОЙЛ,LKOH,54005.0,3382589997.5,4088.5,4000.0,4189.0,4103.5,4087.0,4102.5,827581.0,4086.5,4086.5,4103.5,3237093170.0,3237093170.0,3237093170.0,0.0,3
TQBR,2022-10-05,Лензолото,LNZL,835.0,16345670.0,9400.0,8550.0,9600.0,8860.0,9090.0,8860.0,1798.0,9090.0,9090.0,8860.0,16345670.0,16345670.0,16345670.0,0.0,3
TQBR,2022-10-05,Лензол. ап,LNZLP,668.0,3590920.0,1350.0,1290.0,1395.0,1340.0,1340.0,1340.0,2678.0,1340.0,1340.0,1340.0,3590920.0,3590920.0,3590920.0,0.0,3
TQBR,2022-10-05,ЛЭСК ао,LPSB,158.0,507480.0,8.15,7.65,8.3,8.05,7.9,8.1,64200.0,7.9,7.9,8.05,507480.0,507480.0,507480.0,0.0,3
TQTF,2022-10-05,LQDT ETF,LQDT,138191.0,180803738.69,1.1848,1.1847,1.1849,1.1849,1.1848,1.1849,152598349.0,1.1848,1.1848,1.1849,158783381.28,158783381.28,158783381.28,213451548.97,3
TQBR,2022-10-05,РСетиЛЭ,LSNG,373.0,3801327.0,5.7,5.18,5.75,5.53,5.39,5.53,704800.0,5.39,5.39,5.53,3801327.0,3801327.0,3801327.0,0.0,3
TQBR,2022-10-05,РСетиЛЭ-п,LSNGP,902.0,14574496.5,117.3,113.05,117.85,116.85,115.2,116.9,126490.0,115.2,115.2,116.85,14574496.5,14574496.5,14574496.5,0.0,3
TQBR,2022-10-05,ЛСР ао,LSRG,3034.0,26301141.6,444.0,424.0,450.0,437.4,437.0,437.4,60177.0,437.0,437.0,437.4,26301141.6,26301141.6,26301141.6,0.0,3
TQBR,2022-10-05,Левенгук,LVHK,34.0,206122.0,11.81,11.8,12.11,12.07,12.05,12.11,17100.0,,11.88,12.07,0.0,500076.0,0.0,0.0,3
TQBR,2022-10-05,МагадЭн ао,MAGE,765.0,3129244.0,4.59,4.1,4.59,4.31,4.23,4.3,739700.0,4.23,4.23,4.31,3129244.0,3129244.0,3129244.0,0.0,3
TQBR,2022-10-05,МагадЭн ап,MAGEP,94.0,213631.0,2.98,2.9,3.08,2.93,2.95,2.93,72300.0,,2.96,2.93,0.0,500276.0,0.0,0.0,3
SMAL,2022-10-05,ММК,MAGN,55.0,2067.94,25.25,24.15,26.27,,24.61,26.27,83.0,,,,0.0,0.0,0.0,0.0,3
TQBR,2022-10-05,ММК,MAGN,37019.0,628378016.3,25.175,23.82,25.445,25.105,24.61,25.22,25533860.0,24.59,24.59,25.105,603645067.95,603645067.95,603645067.95,0.0,3
TQBR,2022-10-05,MDMG-гдр,MDMG,3679.0,23706880.8,418.3,391.1,419.6,410.4,402.9,410.4,58843.0,402.9,402.9,410.4,23706880.8,23706880.8,23706880.8,0.0,3
TQPI,2022-10-05,МЕРИДИАН,MERF,101.0,193981.0,9.8,9.1,9.8,9.45,9.4,9.45,20620.0,,9.45,9.45,0.0,524630.5,0.0,0.0,3
TQBR,2022-10-05,Мегион-ао,MFGS,34.0,105610.0,270.5,250.0,270.5,256.0,257.5,256.0,410.0,,273.0,256.0,0.0,502240.0,0.0,0.0,3
TQBR,2022-10-05,Мегион-ап,MFGSP,23.0,78485.0,193.5,188.0,198.0,194.0,191.5,194.0,410.0,,190.0,194.0,0.0,501810.0,0.0,0.0,3
TQBR,2022-10-05,Магнит ао,MGNT,26896.0,1130205061.0,4900.0,4740.0,4907.0,4816.0,4805.5,4784.5,235178.0,4807.0,4807.0,4816.0,1053359039.5,1053359039.5,1053359039.5,0.0,3
TQBR,2022-10-05,СМЗ-ао,MGNZ,33.0,459850.0,7670.0,7420.0,7680.0,7470.0,7540.0,7470.0,61.0,,7540.0,7470.0,0.0,505430.0,0.0,0.0,3
TQBR,2022-10-05,МГТС-5ао,MGTS,7.0,9570.0,1365.0,1360.0,1390.0,1370.0,1365.0,1370.0,7.0,,1350.0,1370.0,0.0,500040.0,0.0,0.0,3
TQBR,2022-10-05,МГТС-4ап,MGTSP,155.0,800308.0,690.0,660.0,690.0,674.0,670.0,674.0,1195.0,670.0,670.0,674.0,800308.0,800308.0,800308.0,0.0,3
TQBR,2022-10-05,ТНСэнМарЭл,MISB,58.0,138770.0,12.8,12.0,13.4,12.9,12.8,12.9,10800.0,,12.2,12.9,0.0,500230.0,0.0,0.0,3
TQBR,2022-10-05,ТНСэМаЭл-п,MISBP,269.0,1423050.0,12.1,11.6,13.2,12.2,12.1,12.2,117900.0,12.1,12.1,12.2,1423050.0,1423050.0,1423050.0,0.0,3
TQTF,2022-10-05,MKBD ETF,MKBD,1.0,622.5,622.5,622.5,622.5,622.5,622.5,622.5,1.0,638.5,638.5,622.5,5781493.5,921357.5,5781493.5,503691.36,3
SMAL,2022-10-05,МосБиржа,MOEX,17.0,1420.4,77.87,77.49,81.09,,77.77,80.49,18.0,,,,0.0,0.0,0.0,0.0,3
TQBR,2022-10-05,МосБиржа,MOEX,22537.0,436892891.1,78.85,76.65,79.21,78.35,77.77,78.5,5617690.0,77.73,77.73,78.35,412017220.3,412017220.3,412017220.3,0.0,3
TQBR,2022-10-05,РоссЦентр,MRKC,561.0,2931464.2,0.2156,0.2102,0.2158,0.2134,0.213,0.2138,13766000.0,0.213,0.213,0.2134,2931464.2,2931464.2,2931464.2,0.0,3
TQBR,2022-10-05,Россети СК,MRKK,154.0,331383.8,8.94,8.8,9.12,8.88,8.9,8.88,37200.0,,8.94,8.88,0.0,506068.4,0.0,0.0,3
SMAL,2022-10-05,РСетиЦП ао,MRKP,1.0,0.17,0.165,0.165,0.165,,0.1444,0.165,1.0,,,,0.0,0.0,0.0,0.0,3
TQBR,2022-10-05,РСетиЦП ао,MRKP,335.0,3190265.0,0.1498,0.1422,0.1498,0.145,0.1444,0.145,22090000.0,0.1444,0.1444,0.145,3190265.0,3190265.0,3190265.0,0.0,3
TQBR,2022-10-05,РсетСиб ао,MRKS,130.0,985750.0,0.212,0.2045,0.2145,0.206,0.2075,0.206,4750000.0,0.2075,0.2075,0.206,985750.0,985750.0,985750.0,0.0,3
SMAL,2022-10-05,МРСК Ур,MRKU,1.0,0.28,0.138,0.138,0.138,,0.1386,0.138,2.0,,,,0.0,0.0,0.0,0.0,3
TQBR,2022-10-05,МРСК Ур,MRKU,177.0,2881568.0,0.1414,0.1368,0.146,0.1392,0.1386,0.1398,20800000.0,0.1386,0.1386,0.1392,2881568.0,2881568.0,2881568.0,0.0,3
TQBR,2022-10-05,РсетВол ао,MRKV,215.0,500418.5,0.0248,0.024,0.02555,0.0245,0.0245,0.02445,20410000.0,0.0245,0.0245,0.0245,500418.5,500418.5,500418.5,0.0,3
SMAL,2022-10-05,РоссЮг ао,MRKY,2.0,0.42,0.03485,0.0348,0.03485,,0.02885,0.0348,12.0,,,,0.0,0.0,0.0,0.0,3
TQBR,2022-10-05,РоссЮг ао,MRKY,69.0,226812.0,0.0298,0.02805,0.02985,0.02925,0.02885,0.0294,7860000.0,,0.02855,0.02925,0.0,508031.0,0.0,0.0,3
SMAL,2022-10-05,РСетиСЗ ао,MRKZ,16.0,24.85,0.02465,0.02455,0.0249,,0.0214,0.02455,1010.0,,,,0.0,0.0,0.0,0.0,3
TQBR,2022-10-05,РСетиСЗ ао,MRKZ,216.0,868934.0,0.02185,0.0211,0.02195,0.0215,0.0214,0.0215,40590000.0,0.0214,0.0214,0.0215,868934.0,868934.0,868934.0,0.0,3
TQBR,2022-10-05,МордЭнСб,MRSB,28.0,102490.0,0.285,0.28,0.298,0.281,0.285,0.281,360000.0,,0.293,0.281,0.0,500490.0,0.0,0.0,3
SMAL,2022-10-05,+МосЭнерго,MSNG,5.0,26.59,1.6745,1.63,1.8245,,1.628,1.63,16.0,,,,0.0,0.0,0.0,0.0,3
TQBR,2022-10-05,+МосЭнерго,MSNG,594.0,5944836.0,1.6405,1.61,1.658,1.635,1.628,1.635,3652000.0,1.628,1.628,1.635,5944836.0,5944836.0,5944836.0,0.0,3
TQBR,2022-10-05,РСетиМР ао,MSRS,193.0,1135780.5,0.8995,0.87,0.9,0.886,0.883,0.886,1286000.0,0.883,0.883,0.886,1135780.5,1135780.5,1135780.5,0.0,3
TQBR,2022-10-05,Мостотрест,MSTT,87.0,191117.5,79.0,78.25,80.95,79.55,79.65,79.55,2400.0,,80.4,79.55,0.0,508205.0,0.0,0.0,3
TQTF,2022-10-05,MTEK ETF,MTEK,9.0,105988.0,936.0,936.0,1060.0,1034.0,1010.0,1032.0,105.0,,,1034.0,0.0,0.0,0.0,3151.15,3
TQBR,2022-10-05,Мечел ао,MTLR,19376.0,218296529.52,89.0,84.16,89.17,86.7,86.56,86.7,2521841.0,86.56,86.56,86.7,218296529.52,218296529.52,218296529.52,0.0,3
TQBR,2022-10-05,Мечел ап,MTLRP,4135.0,66854826.5,119.9,113.65,121.55,119.05,117.25,118.8,570260.0,117.25,117.25,119.05,66854826.5,66854826.5,66854826.5,0.0,3
SMAL,2022-10-05,МТС-ао,MTSS,20.0,12157.7,204.0,201.0,213.95,,205.1,213.95,59.0,,,,0.0,0.0,0.0,0.0,3
TQBR,2022-10-05,МТС-ао,MTSS,19167.0,597265725.5,202.6,200.75,209.2,207.7,205.1,206.55,2912880.0,204.75,204.75,207.7,543125162.0,543125162.0,543125162.0,0.0,3
TQBR,2022-10-05,М.видео,MVID,6049.0,42287476.9,157.3,150.2,158.5,155.1,154.6,155.1,273595.0,154.6,154.6,155.1,42287476.9,42287476.9,42287476.9,0.0,3
TQBR,2022-10-05,iНПОНаука,NAUK,28.0,111984.0,175.0,172.4,176.0,175.2,175.0,175.2,640.0,,178.4,175.2,0.0,528070.0,0.0,0.0,3
TQBR,2022-10-05,НЕФАЗ,NFAZ,183.0,1294015.0,221.5,202.0,224.0,215.0,215.5,215.0,6010.0,215.5,215.5,215.0,1294015.0,1294015.0,1294015.0,0.0,3
TQBR,2022-10-05,НКХП ао,NKHP,80.0,351700.0,272.5,264.0,274.5,271.5,268.5,271.5,1310.0,,268.5,271.5,0.0,502280.0,0.0,0.0,3
TQBR,2022-10-05,НКНХ ао,NKNC,630.0,5475462.5,79.0,76.25,80.8,77.55,77.55,77.95,70610.0,77.55,77.55,77.55,5475462.5,5475462.5,5475462.5,0.0,3
TQBR,2022-10-05,НКНХ ап,NKNCP,1275.0,10354445.2,66.34,63.22,66.98,64.52,64.56,64.52,160370.0,64.56,64.56,64.52,10354445.2,10354445.2,10354445.2,0.0,3
TQBR,2022-10-05,Нижкамшина,NKSH,14.0,57164.0,21.3,21.08,21.48,21.08,21.18,21.08,2700.0,,20.82,21.08,0.0,501938.0,0.0,0.0,3
SMAL,2022-10-05,НЛМК ао,NLMK,23.0,4340.86,82.0,78.54,82.0,,79.98,80.5,54.0,,,,0.0,0.0,0.0,0.0,3
TQBR,2022-10-05,НЛМК ао,NLMK,39207.0,932289300.2,82.3,77.5,82.44,80.88,79.98,80.42,11655440.0,79.94,79.94,80.88,885208125.2,885208125.2,885208125.2,0.0,3
TQBR,2022-10-05,НМТП ао,NMTP,1106.0,5113964.0,3.98,3.83,4.02,3.93,3.935,3.93,1299200.0,3.935,3.935,3.93,5113964.0,5113964.0,5113964.0,0.0,3
TQBR,2022-10-05,ТНСэнНН ао,NNSB,36.0,79340.0,1475.0,1475.0,1660.0,1530.0,1585.0,1530.0,50.0,,1555.0,1530.0,0.0,500300.0,0.0,0.0,3
TQBR,2022-10-05,ТНСэнНН ап,NNSBP,26.0,38540.0,494.0,494.0,523.0,500.0,507.0,500.0,76.0,,502.0,500.0,0.0,500626.0,0.0,0.0,3
TQBR,2022-10-05,iНаукаСвяз,NSVZ,68.0,360485.0,122.0,120.0,122.0,121.0,121.0,121.0,2980.0,,121.5,121.0,0.0,500960.0,0.0,0.0,3
TQBR,2022-10-05,Новатэк ао,NVTK,45851.0,1489349305.6,1002.0,986.8,1009.6,1002.8,998.4,1000.0,1491803.0,998.4,998.4,1002.8,1330624279.8,1330624279.8,1330624279.8,0.0,3
TQTF,2022-10-05,OBLG ETF,OBLG,996.0,3236044.86,129.02,129.02,129.84,129.5,129.44,129.46,25000.0,129.42,129.42,129.5,2874432.82,2874432.82,2874432.82,8058309.62,3
TQPI,2022-10-05,Медиахолд,ODVA,137.0,247696.8,0.102,0.0978,0.102,0.1014,0.1006,0.1014,2464000.0,,0.1012,0.1014,0.0,513980.6,0.0,0.0,3
SMAL,2022-10-05,ОГК-2 ао,OGKB,10.0,544.64,0.5075,0.4496,0.5107,,0.4349,0.4496,1075.0,,,,0.0,0.0,0.0,0.0,3
TQBR,2022-10-05,ОГК-2 ао,OGKB,4785.0,51649408.8,0.4441,0.4227,0.4443,0.439,0.4349,0.439,118765000.0,0.4349,0.4349,0.439,51649408.8,51649408.8,51649408.8,0.0,3
TQBR,2022-10-05,OKEY-гдр,OKEY,2799.0,11644925.0,24.95,23.25,25.6,23.84,24.21,23.84,480940.0,24.21,24.21,23.84,11644925.0,11644925.0,11644925.0,0.0,3
TQBR,2022-10-05,ОМЗ-ап,OMZZP,7.0,39425.0,4305.0,4300.0,4480.0,4475.0,4380.0,4475.0,9.0,,4265.0,4475.0,0.0,503220.0,0.0,0.0,3
TQTF,2022-10-05,OPNB ETF,OPNB,14.0,70077.36,95.78,93.16,95.86,95.62,95.6,93.16,733.0,,93.96,95.62,0.0,510181.86,0.0,199759.49,3
TQTF,2022-10-05,OPNR ETF,OPNR,31.0,22379.08,56.58,54.38,56.58,56.14,55.26,56.1,405.0,,54.04,56.14,0.0,625677.1,0.0,211744.84,3
TQPI,2022-10-05,ОРГ ао,ORUP,6558.0,30493257.0,4.28,4.2,4.94,4.7,4.66,4.7,6536460.0,4.66,4.66,4.7,30493257.0,30493257.0,30493257.0,0.0,3
TQBR,2022-10-05,OZON-адр,OZON,26948.0,536816234.0,1190.5,1100.5,1205.5,1183.0,1160.0,1185.5,462721.0,1159.5,1159.5,1183.0,520049371.0,520049371.0,520049371.0,0.0,3
TQBR,2022-10-05,ПавлАвт ао,PAZA,16.0,136840.0,4760.0,4760.0,5200.0,4800.0,4880.0,4800.0,28.0,,4820.0,4800.0,0.0,500860.0,0.0,0.0,3
TQBR,2022-10-05,ФосАгро ао,PHOR,23001.0,709342503.0,6111.0,5881.0,6120.0,5964.0,5983.0,5932.0,118560.0,5986.0,5986.0,5964.0,643731786.0,643731786.0,643731786.0,0.0,3
TQBR,2022-10-05,ПИК ао,PIKK,29935.0,463088889.3,560.0,520.2,560.0,540.4,536.2,540.0,863687.0,536.0,536.0,540.4,430246516.6,430246516.6,430246516.6,0.0,3
TQBR,2022-10-05,Полюс,PLZL,64450.0,3165809789.5,6010.0,5625.0,6060.0,5770.0,5828.0,5790.0,543589.0,5824.5,5824.5,5770.0,3031607938.0,3031607938.0,3031607938.0,0.0,3
TQBR,2022-10-05,ПермьЭнСб,PMSB,212.0,1318595.0,102.6,99.0,102.7,101.6,100.9,101.6,13070.0,100.9,100.9,101.6,1318595.0,1318595.0,1318595.0,0.0,3
TQBR,2022-10-05,ПермьЭнС-п,PMSBP,104.0,589918.0,107.6,106.2,108.8,107.8,107.0,107.8,5510.0,107.0,107.0,107.8,589918.0,589918.0,589918.0,0.0,3
TQBR,2022-10-05,Polymetal,POLY,48934.0,947704602.6,286.3,262.6,287.5,273.9,274.1,275.4,3457197.0,274.0,274.0,273.9,909946467.3,909946467.3,909946467.3,0.0,3
TQBR,2022-10-05,iПозитив,POSI,6689.0,94868001.8,1065.8,1017.0,1070.6,1052.8,1045.8,1052.8,90714.0,1045.8,1045.8,1052.8,94868001.8,94868001.8,94868001.8,0.0,3
TQPI,2022-10-05,ЧЗПСН ао,PRFN,1053.0,2840253.6,1.802,1.692,1.82,1.752,1.751,1.752,1622400.0,1.751,1.751,1.752,2840253.6,2840253.6,2840253.6,0.0,3
TQBR,2022-10-05,Приморье,PRMB,1.0,34400.0,34400.0,34400.0,34400.0,34400.0,34400.0,34400.0,1.0,35600.0,35400.0,34400.0,675200.0,530800.0,675200.0,0.0,3
TQBR,2022-10-05,iQIWI,QIWI,1910.0,14798942.5,312.0,302.0,324.5,314.0,310.5,313.5,47668.0,310.5,310.5,314.0,14234776.5,14234776.5,14234776.5,0.0,3
TQBR,2022-10-05,Распадская,RASP,9853.0,230180799.5,215.6,202.65,215.6,212.2,208.3,212.2,1104930.0,208.3,208.3,212.2,230180799.5,230180799.5,230180799.5,0.0,3
TQBR,2022-10-05,ГК РБК ао,RBCM,80.0,46854.4,2.43,2.302,2.456,2.384,2.39,2.384,19600.0,,2.404,2.384,0.0,500332.6,0.0,0.0,3
TQTF,2022-10-05,RCGL ETF,RCGL,6.0,21489.58,1030.47,986.57,1030.47,1024.77,1023.31,1024.77,21.0,949.48,949.32,1024.77,849782.98,831601.47,849782.98,627224.11,3
TQTF,2022-10-05,RCHY ETF,RCHY,19.0,348506.7,106.85,105.0,107.0,105.05,106.95,105.05,3259.0,,105.7,105.05,0.0,622378.05,0.0,770065.24,3
TQTF,2022-10-05,RCMM ETF,RCMM,32.0,2382046.1,111.1755,111.1754,111.1755,111.1755,111.1755,111.1755,21426.0,111.1755,111.1755,111.1755,2382046.1,2382046.1,2382046.1,2615267.93,3
TQTF,2022-10-05,RCMX ETF,RCMX,32.0,1957425.0,767.0,767.0,811.2,806.6,809.8,806.6,2417.0,809.8,809.8,806.6,1957425.0,1957425.0,1957425.0,1989388.8,3
TQTF,2022-10-05,RCUS ETF,RCUS,26.0,41820.32,68.9,68.2,69.98,69.7,69.7,69.7,600.0,,66.78,69.7,0.0,795442.48,0.0,599499.64,3
TQBR,2022-10-05,РДБанк ао,RDRB,36.0,86060.0,128.0,126.0,130.0,128.0,126.0,128.0,680.0,,126.0,128.0,0.0,515620.0,0.0,0.0,3
SMAL,2022-10-05,Ренессанс,RENI,1.0,46.52,46.52,46.52,46.52,,46.86,46.52,1.0,,,,0.0,0.0,0.0,0.0,3
TQBR,2022-10-05,Ренессанс,RENI,1079.0,7698588.6,48.99,45.9,48.99,47.2,46.86,47.2,164290.0,46.86,46.86,47.2,7698588.6,7698588.6,7698588.6,0.0,3
TQBR,2022-10-05,РГС СК ао,RGSS,357.0,915314.6,0.1478,0.141,0.1486,0.145,0.1434,0.1454,6379000.0,0.1434,0.1434,0.145,915314.6,915314.6,915314.6,0.0,3
TQBR,2022-10-05,ЭнергияРКК,RKKE,736.0,7419300.0,5530.0,5380.0,6550.0,6000.0,6020.0,6000.0,1232.0,6020.0,6020.0,6000.0,7419300.0,7419300.0,7419300.0,0.0,3
TQBR,2022-10-05,РуссНфт ао,RNFT,9865.0,107470326.0,69.6,65.8,77.6,71.2,71.6,71.2,1501291.0,71.6,71.6,71.2,107470326.0,107470326.0,107470326.0,0.0,3
TQBR,2022-10-05,Русолово,ROLO,494.0,2039076.5,5.705,5.44,5.705,5.505,5.545,5.505,367800.0,5.545,5.545,5.505,2039076.5,2039076.5,2039076.5,0.0,3
TQBR,2022-10-05,Росбанк ао,ROSB,15.0,25456.0,94.6,93.2,96.0,93.4,94.2,93.6,270.0,,94.8,93.4,0.0,504804.0,0.0,0.0,3
TQBR,2022-10-05,Роснефть,ROSN,114245.0,3648946414.95,283.35,265.1,289.35,282.4,277.85,283.0,13133822.0,277.6,277.6,282.4,3495492517.4,3495492517.4,3495492517.4,0.0,3
TQBR,2022-10-05,РОСИНТЕРао,ROST,290.0,916786.0,44.2,41.6,45.6,44.2,43.4,44.2,21160.0,43.4,43.4,44.2,916786.0,916786.0,916786.0,0.0,3
TQTE,2022-10-05,RQIE ETF,RQIE,1.0,26.1,8.7,8.7,8.7,8.75,8.87,8.7,3.0,470.26,471.88,8.75,2991352.18,2749145.0,2991352.18,142564.79,3
TQTF,2022-10-05,RQIE ETF,RQIE,3.0,2520.87,508.83,494.38,508.83,491.51,498.37,500.0,5.0,470.26,471.88,491.51,2991352.18,2749145.0,2991352.18,8008220.61,3
SMAL,2022-10-05,Россети ао,RSTI,8.0,446.6,0.4832,0.4446,0.4832,,0.4871,0.4446,998.0,,,,0.0,0.0,0.0,0.0,3
TQBR,2022-10-05,Россети ао,RSTI,2943.0,26835428.5,0.4938,0.4777,0.4961,0.4899,0.4871,0.488,55091000.0,0.4866,0.4866,0.4899,22503040.5,22503040.5,22503040.5,0.0,3
TQBR,2022-10-05,Россети ап,RSTIP,173.0,951671.0,1.024,1.006,1.036,1.021,1.019,1.024,934000.0,1.019,1.019,1.021,951671.0,951671.0,951671.0,0.0,3
TQBR,2022-10-05,ГазпРнД ао,RTGZ,6.0,123900.0,21100.0,20400.0,21100.0,20500.0,20700.0,20500.0,6.0,,21700.0,20500.0,0.0,520100.0,0.0,0.0,3
SMAL,2022-10-05,Ростел -ао,RTKM,12.0,769.72,54.0,53.5,56.5,,55.36,56.5,14.0,,,,0.0,0.0,0.0,0.0,3
TQBR,2022-10-05,Ростел -ао,RTKM,6845.0,73365917.2,55.49,53.8,56.82,56.66,55.36,56.21,1325330.0,55.24,55.24,56.66,64435910.0,64435910.0,64435910.0,0.0,3
SMAL,2022-10-05,Ростел -ап,RTKMP,2.0,111.95,55.95,55.95,56.0,,54.85,56.0,2.0,,,,0.0,0.0,0.0,0.0,3
TQBR,2022-10-05,Ростел -ап,RTKMP,1533.0,13879946.5,54.6,53.55,57.45,55.4,54.85,55.4,253120.0,54.85,54.85,55.4,13879946.5,13879946.5,13879946.5,0.0,3
TQBR,2022-10-05,ТНСэнРст,RTSB,7.0,27038.0,0.502,0.5,0.508,0.504,0.5,0.504,54000.0,,0.48,0.504,0.0,501996.0,0.0,0.0,3
TQBR,2022-10-05,ТНСэнРст-п,RTSBP,9.0,9941.0,0.493,0.493,0.522,0.495,0.497,0.495,20000.0,,0.509,0.495,0.0,507192.0,0.0,0.0,3
TQIF,2022-10-05,ФондПервый,RU0005418747,11.0,2454.5,132.5,126.0,133.0,133.0,129.0,133.0,19.0,,121.0,133.0,0.0,1214020.5,0.0,228282.98,3
TQIF,2022-10-05,ФондКонс,RU0006922010,7.0,2120.2,68.2,68.2,69.2,68.9,68.4,68.9,31.0,,68.2,68.9,0.0,717661.7,0.0,44727.25,3
TQIF,2022-10-05,ФондПроф,RU0006922044,11.0,15777.2,119.8,119.0,122.6,122.4,120.4,122.6,131.0,,121.6,122.4,0.0,501312.0,0.0,203089.36,3
TQIF,2022-10-05,АкцииРоста,RU0006922051,9.0,253941.0,236.0,229.0,239.0,236.0,229.0,236.0,1107.0,231.0,231.0,236.0,574605.0,503483.0,574605.0,142579.83,3
TQIF,2022-10-05,ПИФСбер-КН,RU000A0ERGA7,6.0,10140.0,175.0,165.0,175.0,170.0,169.0,170.0,60.0,,173.0,170.0,0.0,1765950.0,0.0,1452505.76,3
TQIF,2022-10-05,БКСПерспек,RU000A0HF0L2,48.0,1014974.6,295.0,283.2,297.2,289.6,285.6,289.6,3554.0,285.6,285.6,289.6,1014974.6,1014974.6,1014974.6,3117065.76,3
TQIF,2022-10-05,БКСXXIIвек,RU000A0JP708,44.0,495057.8,254.2,242.2,254.6,245.8,248.2,249.4,1994.0,,248.4,245.8,0.0,500625.8,0.0,2442441.08,3
TQIF,2022-10-05,БКС РосАкц,RU000A0JP773,262.0,7275476.5,283.5,274.5,291.5,287.5,284.5,286.5,25576.0,284.5,284.5,287.5,7275476.5,7275476.5,7275476.5,8378718.34,3
TQIF,2022-10-05,БКС Основа,RU000A0JP799,57.0,202139.2,271.0,271.0,279.8,274.6,277.6,274.6,728.0,,276.0,274.6,0.0,507191.0,0.0,5200245.18,3
TQIF,2022-10-05,ГлобалИн,RU000A0JPRL4,8.0,4839.0,292.0,292.0,308.0,301.0,302.0,301.0,16.0,,278.0,301.0,0.0,500253.0,0.0,56501.18,3
TQIF,2022-10-05,ОПИФПрРес,RU000A0JPRP5,13.0,470707.0,127.5,124.0,129.0,126.5,129.0,125.5,3650.0,,128.5,126.5,0.0,501535.5,0.0,259639.84,3
TQIF,2022-10-05,ПИФАкции,RU000A0JR282,27.0,981019.5,27.85,26.1,27.85,27.65,27.35,27.65,35900.0,27.35,27.35,27.65,981019.5,981019.5,981019.5,529647.23,3
TQIF,2022-10-05,ПИФИнМосБр,RU000A0JR290,7.0,184090.0,5240.0,5095.0,5240.0,5125.0,5115.0,5125.0,36.0,,5085.0,5125.0,0.0,655695.0,0.0,381588.79,3
TQIF,2022-10-05,ПИФКазна,RU000A0JR2C1,69.0,1344318.0,72.7,71.55,73.15,72.2,72.45,72.2,18550.0,72.45,72.45,72.2,1344318.0,1344318.0,1344318.0,946413.58,3
TQIF,2022-10-05,ПИФ АТРИУМ,RU000A0JRHC0,1.0,4800.0,1200.0,1200.0,1200.0,1200.0,1200.0,1200.0,4.0,,1280.0,1200.0,0.0,506980.0,0.0,28595.15,3
TQIF,2022-10-05,НакопРез,RU000A0JT4S1,33.0,13220433.0,2137.0,2103.5,2137.0,2131.0,2128.5,2131.0,6211.0,2128.5,2128.5,2131.0,13220433.0,13220433.0,13220433.0,25372508.29,3
TQIF,2022-10-05,ПИФ КОНСЕР,RU000A0JUR61,2.0,3200.0,1100.0,1050.0,1100.0,1050.0,1050.0,1050.0,3.0,,,1050.0,0.0,0.0,0.0,2181.06,3
TQIF,2022-10-05,БКСИмперия,RU000A0JVHY6,782.0,2325447.6,294.0,270.4,294.2,293.0,285.6,294.0,8144.0,285.6,285.6,293.0,2325447.6,2325447.6,2325447.6,2211984.54,3
TQIF,2022-10-05,ЗПИФДОМ.РФ,RU000A0JXP78,4.0,23750.0,1540.0,1470.0,1540.0,1470.0,1480.0,1470.0,16.0,,1560.0,1470.0,0.0,500190.0,0.0,24168.33,3
TQIF,2022-10-05,СоврАрБиз3,RU000A0ZZ5R2,8.0,237780.0,965.0,945.0,965.0,960.0,945.0,960.0,251.0,,950.0,960.0,0.0,662635.0,0.0,5822370.45,3
TQIF,2022-10-05,ИПИФМирИнв,RU000A0ZZCD8,4.0,111000.0,1600.0,1500.0,1600.0,1600.0,1586.0,1600.0,70.0,,1152.0,1600.0,0.0,2407380.0,0.0,1618149.58,3
TQFD,2022-10-05,БКСФундВыб,RU000A1007R9,315.0,100170.83,16.11,15.53,16.52,16.1,15.94,16.1,6286.0,936.87,936.87,16.1,5889173.53,5889173.53,5889173.53,232339.75,3
TQIF,2022-10-05,ЗПИФ ПНК,RU000A1013V9,563.0,47578841.6,1733.0,1724.0,1739.0,1733.8,1733.4,1734.0,27448.0,1733.4,1733.4,1733.8,47578841.6,47578841.6,47578841.6,14780653.47,3
TQIF,2022-10-05,ПИФАльфаАП,RU000A101HY7,15.0,3144000.0,222000.0,207000.0,222000.0,208000.0,210000.0,208000.0,15.0,210000.0,210000.0,208000.0,3144000.0,3144000.0,3144000.0,457666.67,3
TQFD,2022-10-05,ЗПИФ ФПР,RU000A101NK4,15.0,882.88,9.5,9.39,9.5,9.66,9.64,9.39,93.0,566.6,566.6,9.66,1629138.67,1629138.67,1629138.67,87899.09,3
TQIF,2022-10-05,ЗПИФ ФПР,RU000A101NK4,158.0,1612678.0,573.8,556.2,574.6,568.2,566.8,559.2,2844.0,566.6,566.6,568.2,1629138.67,1629138.67,1629138.67,5167701.7,3
TQPI,2022-10-05,ОРЕОЛСтрой,RU000A101UK9,1.0,4590.0,4590.0,4590.0,4590.0,4590.0,4590.0,4590.0,1.0,,,4590.0,0.0,0.0,0.0,195.91,3
TQIF,2022-10-05,ОПИФ ОФЗ,RU000A101UY0,7085.0,27990165.0,1033.5,1029.0,1035.0,1035.0,1035.0,1035.0,27044.0,1035.0,1035.0,1035.0,27990165.0,27990165.0,27990165.0,6957337.7,3
TQIF,2022-10-05,ПИФАльфАП2,RU000A101YY2,3.0,569000.0,193000.0,182000.0,194000.0,194000.0,190000.0,194000.0,3.0,202000.0,209000.0,194000.0,3426000.0,2502000.0,3426000.0,143333.33,3
TQIF,2022-10-05,ПАРУС-ОЗН,RU000A1022Z1,20.0,919602.0,6296.0,6280.0,6300.0,6300.0,6299.0,6300.0,146.0,6299.0,6299.0,6300.0,919602.0,919602.0,919602.0,1427960.24,3
TQPI,2022-10-05,ЗПИФ ВДО,RU000A1027E5,5.0,168340.0,15120.0,15110.0,15550.0,15530.0,15300.0,15550.0,11.0,15300.0,15240.0,15530.0,2311050.0,1600600.0,2311050.0,2041459.7,3
TQIF,2022-10-05,ЗПИФРД,RU000A102N77,8.0,2046600.0,254000.0,253950.0,257300.0,257300.0,255850.0,257300.0,8.0,255050.0,255750.0,257300.0,4846000.0,2557650.0,4846000.0,2579687.12,3
TQIF,2022-10-05,ФондсубUSD,RU000A102PE0,2.0,13400.0,2650.0,2650.0,2700.0,2700.0,2680.0,2700.0,5.0,2510.0,2510.0,2700.0,731530.0,706730.0,731530.0,190377.27,3
TQIF,2022-10-05,ФондсубEUR,RU000A102PF7,1.0,2140.0,2140.0,2140.0,2140.0,2140.0,2140.0,2140.0,1.0,1960.0,1960.0,2140.0,783920.0,778940.0,783920.0,79775.15,3
TQIF,2022-10-05,ФондСубРуб,RU000A102PQ4,4.0,161900.0,4040.0,4040.0,4050.0,4050.0,4050.0,4050.0,40.0,,3610.0,4050.0,0.0,1469970.0,0.0,189993.33,3
TQPI,2022-10-05,СФНАрБиз7,RU000A1034U7,7.0,1728410.0,81980.0,81980.0,84480.0,84150.0,82310.0,84480.0,21.0,82210.0,82170.0,84150.0,3288400.0,3122420.0,3288400.0,923278.03,3
TQIF,2022-10-05,РенДохПРО,RU000A103B62,10.0,447751.5,905.0,900.5,905.0,904.5,901.0,904.5,497.0,,902.5,904.5,0.0,674001.5,0.0,1260430.95,3
TQIF,2022-10-05,ПАРУС-СБЛ,RU000A104172,23.0,686935.9,999.8,999.8,1000.0,999.9,999.9,999.9,687.0,999.9,999.9,999.9,686935.9,686935.9,686935.9,1300584.95,3
SMAL,2022-10-05,РУСАЛ ао,RUAL,4.0,138.2,35.0,34.1,35.0,,34.4,34.1,4.0,,,,0.0,0.0,0.0,0.0,3
TQBR,2022-10-05,РУСАЛ ао,RUAL,24058.0,276387869.55,35.035,33.4,35.635,35.16,34.4,34.835,8035040.0,34.365,34.365,35.16,259151321.95,259151321.95,259151321.95,0.0,3
TQBR,2022-10-05,Русгрэйн,RUGR,2005.0,5798093.92,17.096,15.54,17.096,16.204,16.236,16.204,357110.0,16.236,16.236,16.204,5798093.92,5798093.92,5798093.92,0.0,3
TQTD,2022-10-05,RUMM ETF,RUMM,5.0,5114.85,1.6499,1.6499,1.65,1.65,1.65,1.65,3100.0,96.1008,96.1008,1.65,566994.57,566994.57,566994.57,1476588.4,3
TQBR,2022-10-05,ИКРУСС-ИНВ,RUSI,210.0,714525.0,48.7,41.6,49.5,47.0,47.4,47.0,15070.0,47.4,47.4,47.0,714525.0,714525.0,714525.0,0.0,3
TQBR,2022-10-05,РязЭнСб,RZSB,80.0,259126.0,14.94,14.08,15.4,15.2,14.72,15.2,17600.0,,14.98,15.2,0.0,668304.0,0.0,0.0,3
TQBR,2022-10-05,СамарЭн-ао,SAGO,11.0,56962.0,1.08,1.072,1.134,1.134,1.074,1.134,53000.0,,1.064,1.134,0.0,683996.0,0.0,0.0,3
TQBR,2022-10-05,СамарЭн-ап,SAGOP,26.0,110184.0,1.13,1.078,1.13,1.114,1.09,1.114,101000.0,,1.098,1.114,0.0,509886.0,0.0,0.0,3
TQBR,2022-10-05,СаратЭн-ао,SARE,23.0,62328.0,0.1074,0.1042,0.1078,0.1044,0.1056,0.1042,590000.0,,0.107,0.1044,0.0,506568.0,0.0,0.0,3
TQBR,2022-10-05,СаратЭн-ап,SAREP,63.0,157108.0,0.0998,0.0976,0.1046,0.098,0.1014,0.098,1550000.0,,0.0948,0.098,0.0,504406.0,0.0,0.0,3
TQTF,2022-10-05,SBCS ETF,SBCS,238.0,206987.33,11.136,11.131,11.176,11.152,11.143,11.155,18575.0,,11.143,11.152,0.0,559119.71,0.0,426160.98,3
SMAL,2022-10-05,Сбербанк,SBER,73.0,19615.93,110.5,106.08,110.5,,108.13,109.5,182.0,,,,0.0,0.0,0.0,0.0,3
TQBR,2022-10-05,Сбербанк,SBER,150329.0,9776634296.1,110.49,106.25,110.49,109.0,108.13,108.51,90416920.0,108.08,108.08,109.0,9291607326.2,9291607326.2,9291607326.2,0.0,3
SMAL,2022-10-05,Сбербанк-п,SBERP,24.0,3148.96,107.5,103.2,108.0,,104.75,103.2,30.0,,,,0.0,0.0,0.0,0.0,3
TQBR,2022-10-05,Сбербанк-п,SBERP,27279.0,853553030.4,107.2,103.16,107.2,104.67,104.75,104.85,8148310.0,104.74,104.74,104.67,822959864.2,822959864.2,822959864.2,0.0,3
TQTF,2022-10-05,SBGB ETF,SBGB,708.0,6417683.71,11.703,11.703,11.903,11.852,11.805,11.824,540375.0,11.876,11.876,11.852,6417683.71,6417683.71,6417683.71,19847200.2,3
TQTF,2022-10-05,SBGD ETF,SBGD,253.0,381796.89,9.36,9.36,10.239,10.141,10.126,10.141,37706.0,,10.106,10.141,0.0,505129.04,0.0,2179553.2,3
TQTF,2022-10-05,SBHI ETF,SBHI,411.0,588321.14,5.05,4.802,5.05,4.978,4.94,5.008,119074.0,4.94,4.94,4.978,588321.14,588321.14,588321.14,1265643.42,3
TQTF,2022-10-05,SBMM ETF,SBMM,272.0,1811087.61,11.06,11.051,11.06,11.06,11.057,11.06,163787.0,11.058,11.058,11.06,1811087.61,1811087.61,1811087.61,6568964.1,3
TQTF,2022-10-05,SBMX ETF,SBMX,1995.0,93697442.46,10.598,10.162,10.598,10.451,10.483,10.46,8933607.0,10.488,10.488,10.451,93697442.46,93697442.46,93697442.46,64221669.09,3
TQTF,2022-10-05,SBRB ETF,SBRB,558.0,10546105.39,12.085,12.034,12.123,12.079,12.037,12.063,870388.0,12.117,12.117,12.079,10546105.39,10546105.39,10546105.39,18322727.42,3
TQTF,2022-10-05,SBRI ETF,SBRI,248.0,108767.43,8.794,7.95,8.794,8.174,8.132,8.174,13379.0,,8.278,8.174,0.0,621049.91,0.0,557610.1,3
SMAL,2022-10-05,Селигдар,SELG,2.0,81.5,40.5,40.5,41.0,,39.09,41.0,2.0,,,,0.0,0.0,0.0,0.0,3
TQBR,2022-10-05,Селигдар,SELG,4091.0,29110130.3,40.3,38.0,40.3,39.12,39.09,39.12,744680.0,39.09,39.09,39.12,29110130.3,29110130.3,29110130.3,0.0,3
TQBR,2022-10-05,ЭсЭфАй ао,SFIN,25.0,306674.0,442.0,433.0,443.4,438.2,438.2,438.2,700.0,,441.0,438.2,0.0,573284.0,0.0,0.0,3
TQBR,2022-10-05,iSFTL-гдр,SFTL,1214.0,5564391.9,111.8,104.1,113.9,108.1,106.5,108.7,52239.0,106.5,106.5,108.1,5564391.9,5564391.9,5564391.9,0.0,3
SMAL,2022-10-05,Сегежа,SGZH,5.0,297.12,4.82,4.82,5.199,,4.88,5.0,61.0,,,,0.0,0.0,0.0,0.0,3
TQBR,2022-10-05,Сегежа,SGZH,16833.0,147610089.5,5.05,4.8,5.05,4.888,4.88,4.888,30236000.0,4.882,4.882,4.888,147610089.5,147610089.5,147610089.5,0.0,3
TQPI,2022-10-05,АйсCтим ао,SIBG,1894.0,3126654.1,0.1125,0.1015,0.1145,0.111,0.108,0.111,28946100.0,0.108,0.108,0.111,3126654.1,3126654.1,3126654.1,0.0,3
TQBR,2022-10-05,Газпрнефть,SIBN,8528.0,155544282.05,361.85,352.05,372.0,358.55,359.7,358.55,432589.0,359.55,359.55,358.55,155544282.05,155544282.05,155544282.05,0.0,3
TQBR,2022-10-05,Сахэнер ао,SLEN,77.0,340978.5,2.64,2.555,2.7,2.69,2.63,2.63,129600.0,,2.625,2.69,0.0,518130.5,0.0,0.0,3
TQBR,2022-10-05,Самолет ао,SMLT,31427.0,1197802186.0,2100.0,1920.0,2133.5,2019.0,1988.0,2019.0,602503.0,1988.0,1988.0,2019.0,1197802186.0,1197802186.0,1197802186.0,0.0,3
SMAL,2022-10-05,Сургнфгз,SNGS,21.0,2109.58,18.5,18.5,20.4,,18.75,20.4,112.0,,,,0.0,0.0,0.0,0.0,3
TQBR,2022-10-05,Сургнфгз,SNGS,23658.0,826855754.0,18.86,18.07,19.565,18.89,18.75,18.86,44098700.0,18.745,18.745,18.89,796811063.5,796811063.5,796811063.5,0.0,3
SMAL,2022-10-05,Сургнфгз-п,SNGSP,64.0,6292.94,23.0,22.5,24.43,,23.34,23.7,266.0,,,,0.0,0.0,0.0,0.0,3
TQBR,2022-10-05,Сургнфгз-п,SNGSP,34527.0,1186072027.0,23.4,22.06,24.385,23.9,23.34,23.91,50816200.0,23.31,23.31,23.9,1129872221.0,1129872221.0,1129872221.0,0.0,3
TQTF,2022-10-05,ETF SPBC,SPBC,8.0,3641261.0,1059.0,1058.5,1078.5,1058.5,1058.5,1058.5,3440.0,1057.0,1058.5,1058.5,4053831.5,3647627.0,4053831.5,506169.24,3
TQBR,2022-10-05,СПБ Биржа,SPBE,7993.0,130023913.7,110.3,100.5,110.3,103.7,104.0,104.3,1249714.0,104.0,104.0,103.7,121635343.0,121635343.0,121635343.0,0.0,3
TQTF,2022-10-05,ETF SPBF,SPBF,9.0,49553.5,1072.0,1051.5,1072.5,1051.5,1054.5,1051.5,47.0,,1041.5,1051.5,0.0,667545.0,0.0,113587.21,3
TQBR,2022-10-05,СтаврЭнСб,STSB,7.0,9084.0,0.65,0.644,0.66,0.6515,0.649,0.644,14000.0,,0.6455,0.6515,0.0,500082.0,0.0,0.0,3
TQBR,2022-10-05,СтаврЭнСбп,STSBP,28.0,30667.0,0.543,0.5345,0.543,0.538,0.538,0.538,57000.0,,0.5375,0.538,0.0,506802.5,0.0,0.0,3
TQBR,2022-10-05,СОЛЛЕРС,SVAV,185.0,1169635.0,177.5,176.5,183.0,177.5,179.5,177.0,6520.0,179.5,179.5,177.5,1169635.0,1169635.0,1169635.0,0.0,3
TQBR,2022-10-05,Светофор,SVET,390.0,298262.65,17.0,16.5,17.1,16.95,16.85,16.95,17694.0,,16.9,16.95,0.0,508449.4,0.0,0.0,3
TQBR,2022-10-05,ТамбЭнСб,TASB,54.0,41993.0,0.427,0.4265,0.447,0.434,0.433,0.434,97000.0,,0.425,0.434,0.0,510905.0,0.0,0.0,3
TQBR,2022-10-05,ТамбЭнСб-п,TASBP,12.0,56185.0,0.347,0.347,0.362,0.3535,0.351,0.354,160000.0,,0.3495,0.3535,0.0,531580.0,0.0,0.0,3
TQBR,2022-10-05,Татнфт 3ао,TATN,18246.0,339748823.5,381.0,367.8,388.0,383.2,377.8,382.7,899367.0,377.5,377.5,383.2,322382773.2,322382773.2,322382773.2,0.0,3
TQBR,2022-10-05,Татнфт 3ап,TATNP,10400.0,200873428.8,371.6,363.3,373.0,368.5,367.5,369.7,546597.0,367.4,367.4,368.5,192833011.3,192833011.3,192833011.3,0.0,3
TQTE,2022-10-05,TBEU ETF,TBEU,57.0,8045.49,0.0728,0.0727,0.0728,0.0727,0.073,0.0727,110600.0,,4.096,0.0727,0.0,510014.75,0.0,19694.53,3
TQTF,2022-10-05,TBEU ETF,TBEU,17.0,43114.44,3.544,3.544,4.324,4.084,4.102,4.324,10099.0,,4.096,4.084,0.0,510014.75,0.0,1106290.94,3
TQTF,2022-10-05,TBRU ETF,TBRU,6912.0,12982085.79,4.961,4.961,4.997,4.974,4.979,4.978,2607405.0,4.979,4.979,4.974,11756776.29,11756776.29,11756776.29,21178559.39,3
TQTD,2022-10-05,TBUY ETF,TBUY,60.0,9217.87,0.0785,0.0777,0.0798,0.0782,0.079,0.0782,116700.0,4.644,4.644,0.0782,543442.79,543442.79,543442.79,8158.64,3
TQTF,2022-10-05,TBUY ETF,TBUY,4.0,1512.2,4.786,4.7,4.786,4.598,4.644,4.772,316.0,4.644,4.644,4.598,543442.79,543442.79,543442.79,479657.29,3
TQTD,2022-10-05,TCBR ETF,TCBR,192.0,16213.26,0.0734,0.0724,0.0743,0.073,0.073,0.073,222200.0,4.291,4.291,0.073,958971.56,958971.56,958971.56,24688.12,3
TQTF,2022-10-05,TCBR ETF,TCBR,25.0,5773.04,4.56,4.365,4.56,4.289,4.291,4.439,1301.0,4.291,4.291,4.289,958971.56,958971.56,958971.56,1451446.53,3
TQBR,2022-10-05,TCS-гдр,TCSG,36458.0,1080054117.5,2650.0,2430.0,2650.0,2558.0,2539.0,2557.0,425263.0,2538.5,2538.5,2558.0,1036900239.0,1036900239.0,1036900239.0,0.0,3
TQTD,2022-10-05,TEMS ETF,TEMS,117.0,11036.83,0.0792,0.0785,0.0814,0.0788,0.0796,0.0789,139400.0,4.678,4.678,0.0788,732581.57,732581.57,732581.57,16715.41,3
TQTF,2022-10-05,TEMS ETF,TEMS,26.0,83711.9,4.896,4.728,4.896,4.632,4.678,4.848,17220.0,4.678,4.678,4.632,732581.57,732581.57,732581.57,982720.56,3
TQTE,2022-10-05,TEUR ETF,TEUR,232.0,74041.69,0.0968,0.0968,0.0988,0.0976,0.0976,0.0976,758500.0,5.484,5.484,0.0976,4163392.82,4163392.82,4163392.82,197497.59,3
TQTF,2022-10-05,TEUR ETF,TEUR,26.0,4286.1,5.812,5.64,5.814,5.482,5.486,5.64,759.0,5.484,5.484,5.482,4163392.82,4163392.82,4163392.82,11093933.46,3
TQTE,2022-10-05,TEUS ETF,TEUS,234.0,9026.35,0.0761,0.0755,0.078,0.0758,0.0763,0.0758,118400.0,4.286,4.286,0.0758,515931.77,515931.77,515931.77,28396.58,3
TQTF,2022-10-05,TEUS ETF,TEUS,11.0,8899.11,4.372,4.372,4.552,4.26,4.286,4.528,1989.0,4.286,4.286,4.26,515931.77,515931.77,515931.77,1595106.65,3
TQTD,2022-10-05,TFNX ETF,TFNX,172.0,9417.14,0.0532,0.0524,0.0544,0.053,0.0527,0.0527,178800.0,3.097,3.097,0.053,559645.14,559645.14,559645.14,16624.2,3
TQTF,2022-10-05,TFNX ETF,TFNX,33.0,5999.31,3.123,3.123,3.27,3.118,3.097,3.167,1878.0,3.097,3.097,3.118,559645.14,559645.14,559645.14,977358.21,3
SMAL,2022-10-05,ТГК-1,TGKA,6.0,0.06,0.005956,0.005956,0.007446,,0.007038,0.007,7.0,,,,0.0,0.0,0.0,0.0,3
TQBR,2022-10-05,ТГК-1,TGKA,3380.0,32256038.8,0.006948,0.006716,0.00733,0.007012,0.007038,0.007012,4583200000.0,0.007038,0.007038,0.007012,32256038.8,32256038.8,32256038.8,0.0,3
TQBR,2022-10-05,ТГК-2,TGKB,288.0,2675595.0,0.00286,0.00274,0.00295,0.002885,0.002845,0.002895,941000000.0,0.002845,0.002845,0.002885,2675595.0,2675595.0,2675595.0,0.0,3
TQBR,2022-10-05,ТГК-2 ап,TGKBP,55.0,119500.0,0.00491,0.00483,0.00497,0.0049,0.00492,0.0049,24300000.0,,0.00491,0.0049,0.0,501404.0,0.0,0.0,3
SMAL,2022-10-05,ТГК-14,TGKN,1.0,0.01,0.00283,0.00283,0.00283,,0.0022,0.00283,1.0,,,,0.0,0.0,0.0,0.0,3
TQBR,2022-10-05,ТГК-14,TGKN,164.0,971700.0,0.00221,0.00215,0.00226,0.00222,0.0022,0.00223,441000000.0,0.0022,0.0022,0.00222,971700.0,971700.0,971700.0,0.0,3
TQTD,2022-10-05,TGLD ETF,TGLD,2939.0,1088403.7,0.0719,0.0715,0.0723,0.0716,0.0723,0.0715,15146700.0,4.25,4.25,0.0716,92441872.98,92441872.98,92441872.98,1372715.81,3
TQTF,2022-10-05,TGLD ETF,TGLD,648.0,28453203.78,4.398,4.238,4.398,4.21,4.25,4.288,6608497.0,4.25,4.25,4.21,92441872.98,92441872.98,92441872.98,80703747.17,3
TQTD,2022-10-05,TGRN ETF,TGRN,217.0,16391.47,0.0756,0.0749,0.0778,0.0754,0.0753,0.0754,217800.0,4.426,4.426,0.0754,971361.29,971361.29,971361.29,50641.28,3
TQTF,2022-10-05,TGRN ETF,TGRN,24.0,7685.63,4.696,4.5,4.696,4.432,4.426,4.572,1685.0,4.426,4.426,4.432,971361.29,971361.29,971361.29,2977266.93,3
TQTF,2022-10-05,TMOS ETF,TMOS,15875.0,48973116.68,3.712,3.578,3.716,3.658,3.65,3.652,13414934.0,3.648,3.648,3.658,40899347.1,40899347.1,40899347.1,57532809.91,3
TQBR,2022-10-05,ТНСэнрг ао,TNSE,24.0,33350.0,550.0,550.0,585.0,560.0,565.0,560.0,59.0,,570.0,560.0,0.0,502175.0,0.0,0.0,3
TQBR,2022-10-05,ТРК ао,TORS,18.0,52080.0,0.248,0.231,0.25,0.232,0.237,0.232,220000.0,,0.243,0.232,0.0,501210.0,0.0,0.0,3
TQBR,2022-10-05,ТРК ап,TORSP,1.0,1675.0,0.1675,0.1675,0.1675,0.1675,0.1675,0.1675,10000.0,,0.171,0.1675,0.0,500750.0,0.0,0.0,3
TQTD,2022-10-05,TPAS ETF,TPAS,242.0,13129.19,0.0683,0.0683,0.0712,0.0704,0.0698,0.0696,188900.0,4.102,4.102,0.0704,875976.89,875976.89,875976.89,30688.63,3
TQTF,2022-10-05,TPAS ETF,TPAS,56.0,104094.83,4.084,4.084,4.284,4.136,4.102,4.244,24643.0,4.102,4.102,4.136,875976.89,875976.89,875976.89,1804224.25,3
TQTD,2022-10-05,TRAI ETF,TRAI,149.0,7198.3,0.0609,0.0599,0.0621,0.0606,0.0604,0.0604,119300.0,,3.536,0.0606,0.0,665484.23,0.0,14963.83,3
TQTF,2022-10-05,TRAI ETF,TRAI,20.0,9260.97,3.812,3.626,3.812,3.56,3.55,3.626,2533.0,,3.536,3.56,0.0,665484.23,0.0,879743.09,3
SMAL,2022-10-05,ТМК ао,TRMK,1.0,64.5,64.5,64.5,64.5,,60.96,64.5,1.0,,,,0.0,0.0,0.0,0.0,3
TQBR,2022-10-05,ТМК ао,TRMK,5480.0,64174820.0,60.0,57.64,63.16,62.38,60.96,62.38,1052870.0,60.96,60.96,62.38,64174820.0,64174820.0,64174820.0,0.0,3
TQBR,2022-10-05,Транснф ап,TRNFP,3359.0,316500100.0,80550.0,76950.0,80550.0,78250.0,78700.0,78500.0,4022.0,78700.0,78700.0,78250.0,309886550.0,309886550.0,309886550.0,0.0,3
TQTF,2022-10-05,TRUR ETF,TRUR,485437.0,264943333.83,5.29,5.23,5.32,5.27,5.28,5.28,50195503.0,5.28,5.28,5.27,264943333.83,264943333.83,264943333.83,336649697.73,3
TQTD,2022-10-05,TSOX ETF,TSOX,232.0,12770.82,0.068,0.0664,0.069,0.0674,0.067,0.0674,190800.0,3.936,3.936,0.0674,756645.6,756645.6,756645.6,33998.04,3
TQTF,2022-10-05,TSOX ETF,TSOX,17.0,5832.41,4.127,4.001,4.179,3.962,3.936,4.179,1425.0,3.936,3.936,3.962,756645.6,756645.6,756645.6,1998789.06,3
TQTD,2022-10-05,TSPV ETF,TSPV,82.0,5649.34,0.0864,0.0864,0.0897,0.0871,0.0875,0.0871,64600.0,,5.13,0.0871,0.0,505672.89,0.0,6954.71,3
TQTF,2022-10-05,TSPV ETF,TSPV,7.0,2285.25,5.175,5.175,5.3,5.12,5.14,5.215,440.0,,5.13,5.12,0.0,505672.89,0.0,408876.27,3
TQTD,2022-10-05,TSPX ETF,TSPX,1001.0,197263.06,0.0932,0.0922,0.0957,0.0931,0.0929,0.0928,2126000.0,5.464,5.464,0.0931,12217113.98,12217113.98,12217113.98,552457.91,3
TQTF,2022-10-05,TSPX ETF,TSPX,165.0,619762.21,5.59,5.572,5.748,5.474,5.464,5.632,110279.0,5.464,5.464,5.474,12217113.98,12217113.98,12217113.98,32479718.99,3
TQTD,2022-10-05,TSST ETF,TSST,102.0,4113.83,0.0741,0.0733,0.0762,0.0739,0.0739,0.0738,55700.0,,4.314,0.0739,0.0,503986.23,0.0,8158.23,3
TQTF,2022-10-05,TSST ETF,TSST,21.0,4063.59,4.382,4.382,4.596,4.344,4.344,4.512,902.0,,4.314,4.344,0.0,503986.23,0.0,479632.79,3
TQBR,2022-10-05,Таттел. ао,TTLK,405.0,1143337.0,0.46,0.4395,0.46,0.4425,0.4465,0.4425,2562000.0,0.4465,0.4465,0.4425,1143337.0,1143337.0,1143337.0,0.0,3
TQTD,2022-10-05,TUSD ETF,TUSD,467.0,218158.32,0.0949,0.0943,0.0973,0.0946,0.0946,0.0946,2306800.0,5.56,5.56,0.0946,12865212.32,12865212.32,12865212.32,472718.11,3
TQTF,2022-10-05,TUSD ETF,TUSD,57.0,39400.74,5.798,5.624,5.798,5.562,5.562,5.794,6964.0,5.56,5.56,5.562,12865212.32,12865212.32,12865212.32,27791712.04,3
TQBR,2022-10-05,ТЗА ао,TUZA,35.0,72815.0,81.5,78.5,81.5,80.5,80.0,80.5,910.0,,78.5,80.5,0.0,503775.0,0.0,0.0,3
TQBR,2022-10-05,ОКС ао,UCSS,45.0,244540.0,825.0,810.0,875.0,830.0,840.0,830.0,291.0,,830.0,830.0,0.0,501090.0,0.0,0.0,3
TQBR,2022-10-05,ЮжКузб. ао,UKUZ,130.0,399504.0,1204.0,1190.0,1300.0,1202.0,1214.0,1202.0,329.0,,1206.0,1202.0,0.0,507344.0,0.0,0.0,3
TQBR,2022-10-05,iАвиастКао,UNAC,730.0,3598708.5,0.45,0.4295,0.45,0.4415,0.438,0.4415,8220000.0,0.438,0.438,0.4415,3598708.5,3598708.5,3598708.5,0.0,3
TQBR,2022-10-05,ЮУНК ао,UNKL,221.0,2287510.0,6720.0,6110.0,6720.0,6350.0,6460.0,6350.0,354.0,6460.0,6460.0,6350.0,2287510.0,2287510.0,2287510.0,0.0,3
SMAL,2022-10-05,Юнипро ао,UPRO,6.0,11.36,1.125,1.125,1.145,,1.121,1.145,10.0,,,,0.0,0.0,0.0,0.0,3
TQBR,2022-10-05,Юнипро ао,UPRO,5667.0,78321276.0,1.158,1.072,1.169,1.134,1.121,1.134,69869000.0,1.121,1.121,1.134,78321276.0,78321276.0,78321276.0,0.0,3
TQBR,2022-10-05,УрКузница,URKZ,9.0,117760.0,13140.0,12220.0,13300.0,13260.0,13080.0,13260.0,9.0,13780.0,13800.0,13260.0,647780.0,551840.0,647780.0,0.0,3
TQBR,2022-10-05,УралСиб ао,USBN,76.0,186500.0,0.0628,0.0598,0.0636,0.0613,0.0606,0.0613,3080000.0,,0.0609,0.0613,0.0,500299.0,0.0,0.0,3
TQBR,2022-10-05,ЮТэйр ао,UTAR,84.0,593080.0,6.9,6.7,7.05,7.03,6.94,7.03,85500.0,6.94,6.94,7.03,593080.0,593080.0,593080.0,0.0,3
TQPI,2022-10-05,ОВК ао,UWGN,2409.0,8593377.9,38.8,36.5,39.6,37.3,37.1,37.3,231602.0,37.1,37.1,37.3,8593377.9,8593377.9,8593377.9,0.0,3
TQBR,2022-10-05,VEON,VEON-RX,377.0,1323990.5,22.9,20.4,22.9,21.1,21.3,21.1,62120.0,21.3,21.3,21.1,1323990.5,1323990.5,1323990.5,0.0,3
TQBR,2022-10-05,ВолгЭнСб,VGSB,45.0,238660.0,3.17,3.025,3.245,3.13,3.1,3.14,77000.0,,3.05,3.13,0.0,500045.0,0.0,0.0,3
TQBR,2022-10-05,ВолгЭнСб-п,VGSBP,28.0,75085.0,1.675,1.605,1.725,1.635,1.67,1.645,45000.0,,1.665,1.635,0.0,510565.0,0.0,0.0,3
TQBR,2022-10-05,Варьеган,VJGZ,47.0,149310.0,1070.0,1067.0,1132.0,1124.0,1098.0,1124.0,136.0,,1078.0,1124.0,0.0,500378.0,0.0,0.0,3
TQBR,2022-10-05,Варьеган-п,VJGZP,122.0,504530.0,458.0,441.0,484.0,482.0,456.0,482.0,1107.0,456.0,456.0,482.0,504530.0,504530.0,504530.0,0.0,3
TQBR,2022-10-05,VK-гдр,VKCO,43612.0,976646603.4,387.4,365.2,394.0,386.0,380.2,390.0,2568761.0,379.8,379.8,386.0,928611088.4,928611088.4,928611088.4,0.0,3
TQBR,2022-10-05,ВХЗ-ао,VLHZ,74.0,186458.0,66.5,61.15,66.5,64.8,63.65,64.8,2930.0,,65.45,64.8,0.0,500008.5,0.0,0.0,3
TQBR,2022-10-05,ТНСэнВорон,VRSB,192.0,668420.0,121.8,115.4,122.8,119.8,118.4,119.4,5650.0,118.4,118.4,119.8,668420.0,668420.0,668420.0,0.0,3
SMAL,2022-10-05,ТНСэнВор-п,VRSBP,1.0,275.0,55.0,55.0,55.0,,52.4,55.0,5.0,,,,0.0,0.0,0.0,0.0,3
TQBR,2022-10-05,ТНСэнВор-п,VRSBP,106.0,268034.0,52.6,50.8,54.2,52.0,52.4,52.0,5110.0,,52.2,52.0,0.0,501914.0,0.0,0.0,3
TQBR,2022-10-05,ВСМПО-АВСМ,VSMO,113.0,12029340.0,56060.0,55600.0,56180.0,55720.0,55960.0,55720.0,215.0,55960.0,55960.0,55720.0,12029340.0,12029340.0,12029340.0,0.0,3
TQBR,2022-10-05,ВыбСудЗ ао,VSYD,22.0,109560.0,3800.0,3650.0,4120.0,3755.0,3780.0,3755.0,29.0,,4000.0,3755.0,0.0,567695.0,0.0,0.0,3
TQBR,2022-10-05,ВыбСудЗ ап,VSYDP,3.0,11920.0,4060.0,3860.0,4060.0,3860.0,3980.0,3860.0,3.0,,3940.0,3860.0,0.0,520560.0,0.0,0.0,3
SMAL,2022-10-05,ВТБ ао,VTBR,32.0,186.94,0.015,0.014655,0.015495,,0.015,0.014655,12658.0,,,,0.0,0.0,0.0,0.0,3
TQBR,2022-10-05,ВТБ ао,VTBR,43487.0,795345270.6,0.01528,0.014655,0.015295,0.01512,0.015,0.0152,53028510000.0,0.014985,0.014985,0.01512,739672177.4,739672177.4,739672177.4,0.0,3
TQBR,2022-10-05,ЦМТ ао,WTCM,41.0,151210.0,7.3,6.9,7.3,7.12,7.04,7.16,21500.0,,7.14,7.12,0.0,500130.0,0.0,0.0,3
TQBR,2022-10-05,ЦМТ ап,WTCMP,24.0,240060.0,6.48,6.22,6.48,6.28,6.24,6.28,38500.0,,6.26,6.28,0.0,505694.0,0.0,0.0,3
TQBR,2022-10-05,ЯТЭК ао,YAKG,198.0,1150760.0,95.8,93.85,99.8,95.85,95.9,95.85,12000.0,95.9,95.9,95.85,1150760.0,1150760.0,1150760.0,0.0,3
TQBR,2022-10-05,Якутскэнрг,YKEN,25.0,266870.0,0.261,0.25,0.271,0.25,0.2565,0.25,1040000.0,,0.261,0.25,0.0,500840.0,0.0,0.0,3
TQBR,2022-10-05,Якутскэн-п,YKENP,16.0,46635.0,0.2545,0.2405,0.2545,0.248,0.2455,0.248,190000.0,,0.249,0.248,0.0,500405.0,0.0,0.0,3
TQBR,2022-10-05,Yandex clA,YNDX,99625.0,3985640373.8,1987.0,1940.4,2059.4,2028.6,2002.4,2029.8,1990459.0,2001.6,2001.6,2028.6,3884286291.4,3884286291.4,3884286291.4,0.0,3
TQBR,2022-10-05,ЗИЛ ао,ZILL,142.0,724635.0,1865.0,1735.0,1865.0,1805.0,1815.0,1805.0,399.0,1815.0,1815.0,1805.0,724635.0,724635.0,724635.0,0.0,3
TQBR,2022-10-05,ЗВЕЗДА ао,ZVEZ,24.0,137905.0,3.46,3.34,3.49,3.49,3.45,3.49,40000.0,,3.415,3.49,0.0,502110.0,0.0,0.0,3
